                  epoch,         train/box_loss,         train/cls_loss,         train/dfl_loss,   metrics/precision(B),      metrics/recall(B),       metrics/mAP50(B),    metrics/mAP50-95(B),           val/box_loss,           val/cls_loss,           val/dfl_loss,                 lr/pg0,                 lr/pg1,                 lr/pg2
                      1,                0.72947,                0.97194,                 1.1341,                0.67068,                 0.7423,                0.74794,                0.61686,                0.72221,                 1.9258,                 1.3995,              3.334e-05,              3.334e-05,              3.334e-05
                      2,                0.60963,                0.74176,                 1.0441,                0.62139,                0.70549,                0.74105,                0.63358,                0.70486,                 1.9788,                 1.4272,              7.547e-05,              7.547e-05,              7.547e-05
                      3,                0.57057,                 0.6896,                  1.029,                0.62707,                0.66667,                0.71263,                0.62451,                 0.6458,                 1.9262,                 1.3355,             8.7746e-05,             8.7746e-05,             8.7746e-05
                      4,                0.54948,                0.64498,                 1.0119,                0.66851,                 0.6537,                0.71446,                0.63299,                0.60604,                 1.6691,                   1.25,             6.4553e-05,             6.4553e-05,             6.4553e-05
                      5,                0.50694,                0.66637,                 0.9564,                0.67753,                0.71349,                0.73669,                0.64423,                0.61221,                 1.5924,                 1.2531,             2.4397e-05,             2.4397e-05,             2.4397e-05
