                  epoch,         train/box_loss,         train/cls_loss,         train/dfl_loss,   metrics/precision(B),      metrics/recall(B),       metrics/mAP50(B),    metrics/mAP50-95(B),           val/box_loss,           val/cls_loss,           val/dfl_loss,                 lr/pg0,                 lr/pg1,                 lr/pg2
                      1,                0.44806,                0.59617,                0.98108,                0.61404,                0.70833,                 0.7272,                 0.6176,                0.62377,                 1.8269,                 1.2949,              3.334e-05,              3.334e-05,              3.334e-05
                      2,                0.39838,                0.47114,                0.93878,                0.63756,                0.80292,                0.75578,                0.64904,                0.63945,                 1.8203,                 1.2959,              7.547e-05,              7.547e-05,              7.547e-05
                      3,                0.40505,                 0.4797,                0.92659,                0.69918,                0.82686,                0.79414,                0.67396,                0.74807,                 1.6426,                 1.3839,             8.7746e-05,             8.7746e-05,             8.7746e-05
                      4,                0.46488,                0.55423,                0.96716,                0.68424,                0.77013,                0.74063,                0.61214,                0.73753,                 1.7143,                 1.3699,             6.4553e-05,             6.4553e-05,             6.4553e-05
                      5,                 0.4764,                0.54079,                0.95469,                0.71688,                0.78105,                0.73342,                0.60734,                0.70886,                 1.7319,                 1.3527,             2.4397e-05,             2.4397e-05,             2.4397e-05
