                  epoch,         train/box_loss,         train/cls_loss,         train/dfl_loss,   metrics/precision(B),      metrics/recall(B),       metrics/mAP50(B),    metrics/mAP50-95(B),           val/box_loss,           val/cls_loss,           val/dfl_loss,                 lr/pg0,                 lr/pg1,                 lr/pg2
                      1,                0.69691,                 1.6264,                 1.1162,                 0.6458,                0.70833,                0.73156,                0.60218,                0.70744,                 2.2244,                 1.2614,              6.668e-05,              6.668e-05,              6.668e-05
                      2,                0.72529,                  1.399,                 1.1344,                0.60749,                 0.5711,                0.68096,                0.46044,                 0.9191,                  2.704,                  1.482,              0.0001426,              0.0001426,              0.0001426
                      3,                0.68451,                   1.23,                 1.0718,                0.51789,                0.70833,                0.67891,                0.48324,                 1.1427,                 2.5846,                   1.54,             0.00021028,             0.00021028,             0.00021028
                      4,                 0.7344,                 1.2087,                 1.1318,                0.50797,                0.41667,                0.41387,                0.29777,                 1.4068,                 2.9748,                 1.6664,              0.0002697,              0.0002697,              0.0002697
